Label,Date,Priority
1,2022-09-28,1
0,2021-12-15,1
1,2022-01-27,2
0,2022-06-07,2
1,2022-12-01,2
1,2022-05-12,3
0,2022-03-18,3
1,2022-06-23,3
0,2022-09-01,3
1,2022-01-17,4
0,2022-02-10,4
1,2022-03-14,4
0,2022-04-19,4
0,2022-06-02,4
1,2022-08-23,4
0,2022-07-20,4
0,2022-08-31,4
1,2022-10-14,4
0,2022-11-15,4
1,2022-11-28,4
1,2021-12-06,5
0,2022-01-03,5
1,2022-02-14,5
0,2022-03-04,5
1,2022-04-12,5
0,2022-03-30,5
1,2022-05-10,5
0,2022-05-23,5
1,2022-06-24,5
0,2022-07-12,5
1,2022-08-02,5
0,2022-08-05,5
1,2022-09-19,5
0,2022-09-21,5
0,2022-10-25,5
1,2022-11-22,5
