Date,Ticker,Label
2006-01-02,000020,1
2006-01-04,000020,0
2006-01-05,000020,0
2006-01-06,000020,0
2006-01-09,000020,0
2006-01-10,000020,0
2006-01-11,000020,0
2006-01-12,000020,0
2006-01-13,000020,0
2006-01-16,000020,0
2006-01-17,000020,0
2006-01-18,000020,0
2006-01-19,000020,0
2006-01-23,000020,1
2006-01-24,000020,1
2006-01-25,000020,0
2006-01-26,000020,0
2006-01-27,000020,0
2006-01-31,000020,0
2006-02-01,000020,0
2006-02-02,000020,0
2006-02-07,000020,1
2006-02-09,000020,1
2006-02-15,000020,1
2006-02-17,000020,1
2006-02-20,000020,1
2006-02-23,000020,0
2006-02-24,000020,0
2006-02-27,000020,0
2006-02-28,000020,0
2006-03-02,000020,0
2006-03-08,000020,1
2006-03-15,000020,0
2006-03-16,000020,0
2006-03-17,000020,0
2006-03-20,000020,0
2006-03-21,000020,0
2006-03-23,000020,0
2006-03-24,000020,0
2006-03-27,000020,0
2006-03-30,000020,1
2006-03-31,000020,1
2006-04-03,000020,1
2006-04-04,000020,1
2006-04-05,000020,1
2006-04-06,000020,1
2006-04-07,000020,1
2006-04-10,000020,1
2006-04-11,000020,1
2006-04-12,000020,1
2006-04-13,000020,1
2006-04-14,000020,1
2006-04-17,000020,1
2006-04-18,000020,1
2006-04-21,000020,1
2006-04-24,000020,1
2006-04-25,000020,1
2006-04-26,000020,1
2006-04-27,000020,1
2006-04-28,000020,1
2006-05-02,000020,1
2006-05-03,000020,1
2006-05-08,000020,0
2006-05-09,000020,0
2006-05-10,000020,0
2006-05-11,000020,0
2006-05-12,000020,0
2006-05-15,000020,0
2006-05-16,000020,0
2006-05-17,000020,0
2006-05-19,000020,1
2006-05-22,000020,1
2006-05-23,000020,1
2006-05-24,000020,0
2006-05-25,000020,0
2006-05-26,000020,0
2006-05-29,000020,0
2006-05-30,000020,0
2006-06-01,000020,0
2006-06-02,000020,0
2006-06-05,000020,0
2006-06-09,000020,0
2006-06-12,000020,0
2006-06-16,000020,0
2006-06-19,000020,0
2006-06-20,000020,0
2006-06-21,000020,0
2006-06-22,000020,0
2006-06-23,000020,1
2006-06-26,000020,1
2006-06-27,000020,1
2006-06-28,000020,1
2006-06-29,000020,1
2006-06-30,000020,1
2006-07-03,000020,1
2006-07-04,000020,1
2006-07-05,000020,1
2006-07-06,000020,1
2006-07-13,000020,0
2006-07-14,000020,0
2006-07-18,000020,0
2006-07-19,000020,0
2006-07-20,000020,0
2006-07-21,000020,0
2006-07-26,000020,0
2006-07-27,000020,0
2006-07-28,000020,0
2006-07-31,000020,0
2006-08-01,000020,0
2006-08-02,000020,0
2006-08-09,000020,1
2006-08-10,000020,1
2006-08-11,000020,1
2006-08-14,000020,1
2006-08-16,000020,1
2006-08-17,000020,1
2006-08-18,000020,1
2006-08-25,000020,1
2006-08-29,000020,0
2006-08-30,000020,0
2006-08-31,000020,0
2006-09-01,000020,0
2006-09-04,000020,0
2006-09-05,000020,0
2006-09-08,000020,1
2006-09-11,000020,1
2006-09-12,000020,1
2006-09-15,000020,0
2006-09-18,000020,0
2006-09-19,000020,0
2006-09-20,000020,0
2006-09-21,000020,0
2006-09-22,000020,0
2006-09-27,000020,0
2006-09-28,000020,0
2006-09-29,000020,0
2006-10-02,000020,0
2006-10-04,000020,0
2006-10-09,000020,0
2006-10-11,000020,1
2006-10-12,000020,1
2006-10-13,000020,1
2006-10-16,000020,1
2006-10-17,000020,1
2006-10-18,000020,1
2006-10-23,000020,0
2006-10-24,000020,0
2006-10-25,000020,0
2006-10-27,000020,0
2006-10-30,000020,0
2006-10-31,000020,0
2006-11-01,000020,0
2006-11-02,000020,0
2006-11-03,000020,0
2006-11-06,000020,0
2006-11-15,000020,0
2006-11-16,000020,0
2006-11-17,000020,0
2006-11-20,000020,0
2006-11-21,000020,0
2006-11-22,000020,0
2006-11-24,000020,1
2006-11-27,000020,1
2006-11-28,000020,1
2006-11-29,000020,1
2006-11-30,000020,1
2006-12-01,000020,1
2006-12-07,000020,1
2006-12-08,000020,1
2006-12-11,000020,1
2006-12-12,000020,1
2006-12-21,000020,0
2006-12-22,000020,0
2006-12-26,000020,0
2006-12-27,000020,0
2006-12-28,000020,0
2007-01-02,000020,0
2007-01-04,000020,0
2007-01-08,000020,0
2007-01-09,000020,0
2007-01-10,000020,0
2007-01-11,000020,0
2007-01-12,000020,0
2007-01-15,000020,0
2007-01-16,000020,0
2007-01-17,000020,0
2007-01-18,000020,0
2007-01-19,000020,0
2007-01-22,000020,0
2007-01-23,000020,0
2007-01-24,000020,0
2007-01-25,000020,0
2007-01-29,000020,1
2007-01-30,000020,1
2007-01-31,000020,1
2007-02-01,000020,1
2007-02-05,000020,0
2007-02-06,000020,0
2007-02-07,000020,0
2007-02-08,000020,0
2007-02-09,000020,0
2007-02-12,000020,0
2007-02-13,000020,0
2007-02-14,000020,0
2007-02-15,000020,0
2007-02-16,000020,0
2007-02-20,000020,0
2007-02-21,000020,0
2007-02-22,000020,0
2007-02-23,000020,0
2007-02-26,000020,0
2007-02-27,000020,0
2007-02-28,000020,0
2007-03-02,000020,0
2007-03-07,000020,0
2007-03-08,000020,0
2007-03-09,000020,0
2007-03-12,000020,0
2007-03-13,000020,0
2007-03-15,000020,0
2007-03-16,000020,0
2007-03-21,000020,0
2007-03-22,000020,0
2007-03-23,000020,0
2007-03-26,000020,0
2007-03-27,000020,0
2007-03-28,000020,0
2007-03-29,000020,0
2007-04-02,000020,1
2007-04-03,000020,1
2007-04-04,000020,1
2007-04-05,000020,1
2007-04-06,000020,1
2007-04-11,000020,1
2007-04-12,000020,1
2007-04-13,000020,1
2007-04-16,000020,1
2007-04-17,000020,1
2007-04-18,000020,1
2007-04-20,000020,0
2007-04-23,000020,0
2007-04-24,000020,1
2007-04-25,000020,1
2007-04-26,000020,1
2007-04-27,000020,1
2007-04-30,000020,1
2007-05-02,000020,1
2007-05-03,000020,1
2007-05-09,000020,0
2007-05-10,000020,0
2007-05-14,000020,1
2007-05-15,000020,1
2007-05-16,000020,1
2007-05-17,000020,1
2007-05-18,000020,1
2007-05-21,000020,1
2007-05-22,000020,1
2007-05-23,000020,1
2007-05-25,000020,1
2007-05-28,000020,1
2007-05-29,000020,1
2007-05-30,000020,1
2007-06-01,000020,1
2007-06-04,000020,1
2007-06-05,000020,1
2007-06-07,000020,1
2007-06-08,000020,1
2007-06-11,000020,1
2007-06-12,000020,1
2007-06-14,000020,1
2007-06-15,000020,1
2007-06-18,000020,1
2007-06-20,000020,1
2007-06-21,000020,1
2007-06-22,000020,1
2007-06-25,000020,1
2007-06-26,000020,1
2007-06-27,000020,1
2007-06-28,000020,1
2007-06-29,000020,0
2007-07-02,000020,0
2007-07-03,000020,0
2007-07-04,000020,0
2007-07-05,000020,0
2007-07-11,000020,1
2007-07-13,000020,0
2007-07-18,000020,0
2007-07-19,000020,0
2007-07-20,000020,0
2007-07-23,000020,0
2007-07-24,000020,0
2007-07-25,000020,0
2007-07-26,000020,0
2007-07-27,000020,0
2007-07-31,000020,0
2007-08-01,000020,0
2007-08-02,000020,0
2007-08-03,000020,0
2007-08-06,000020,0
2007-08-07,000020,0
2007-08-08,000020,0
2007-08-09,000020,0
2007-08-10,000020,0
2007-08-13,000020,0
2007-08-14,000020,0
2007-08-16,000020,1
2007-08-17,000020,1
2007-08-20,000020,1
2007-08-21,000020,1
2007-08-22,000020,1
2007-08-24,000020,1
2007-08-27,000020,1
2007-08-28,000020,1
2007-08-29,000020,1
2007-08-31,000020,0
2007-09-03,000020,0
2007-09-04,000020,0
2007-09-05,000020,0
2007-09-06,000020,0
2007-09-07,000020,0
2007-09-10,000020,1
2007-09-11,000020,1
2007-09-12,000020,1
2007-09-13,000020,1
2007-09-14,000020,1
2007-09-17,000020,1
2007-09-18,000020,1
2007-09-19,000020,1
2007-09-21,000020,0
2007-09-27,000020,0
2007-10-01,000020,1
2007-10-02,000020,1
2007-10-04,000020,1
2007-10-05,000020,1
2007-10-08,000020,1
2007-10-09,000020,0
2007-10-10,000020,0
2007-10-11,000020,0
2007-10-12,000020,0
2007-10-15,000020,0
2007-10-16,000020,0
2007-10-17,000020,0
2007-10-18,000020,0
2007-10-19,000020,0
2007-10-22,000020,0
2007-10-23,000020,0
2007-10-24,000020,0
2007-10-25,000020,0
2007-10-26,000020,0
2007-10-29,000020,0
2007-10-30,000020,0
2007-10-31,000020,0
2007-11-01,000020,0
2007-11-05,000020,0
2007-11-06,000020,0
2007-11-07,000020,0
2007-11-08,000020,0
2007-11-09,000020,0
2007-11-12,000020,0
2007-11-13,000020,0
2007-11-14,000020,0
2007-11-15,000020,0
2007-11-16,000020,0
2007-11-19,000020,0
2007-11-20,000020,0
2007-11-21,000020,0
2007-11-23,000020,1
2007-11-26,000020,1
2007-11-27,000020,1
2007-11-28,000020,1
2007-11-29,000020,1
2007-12-03,000020,0
2007-12-04,000020,0
2007-12-05,000020,0
2007-12-06,000020,0
2007-12-07,000020,0
2007-12-10,000020,0
2007-12-11,000020,0
2007-12-12,000020,0
2007-12-13,000020,0
2007-12-14,000020,0
2007-12-17,000020,0
2007-12-18,000020,0
2007-12-20,000020,0
2007-12-21,000020,0
2007-12-24,000020,0
2008-01-02,000020,1
2008-01-03,000020,0
2008-01-04,000020,0
2008-01-07,000020,0
2008-01-08,000020,0
2008-01-09,000020,0
2008-01-10,000020,0
2008-01-11,000020,1
2008-01-18,000020,0
2008-01-23,000020,0
2008-01-24,000020,0
2008-01-25,000020,0
2008-01-28,000020,0
2008-01-29,000020,0
2008-01-30,000020,0
2008-02-12,000020,1
2008-02-18,000020,1
2008-02-19,000020,0
2008-02-21,000020,0
2008-02-22,000020,0
2008-02-25,000020,0
2008-02-26,000020,0
2008-02-27,000020,0
2008-02-29,000020,1
2008-03-03,000020,1
2008-03-04,000020,1
2008-03-05,000020,1
2008-03-07,000020,1
2008-03-13,000020,0
2008-03-14,000020,0
2008-03-17,000020,0
2008-03-18,000020,0
2008-03-19,000020,0
2008-03-24,000020,1
2008-03-25,000020,1
2008-03-26,000020,1
2008-03-27,000020,1
2008-03-28,000020,1
2008-04-01,000020,0
2008-04-02,000020,0
2008-04-03,000020,0
2008-04-04,000020,0
2008-04-07,000020,0
2008-04-08,000020,0
2008-04-10,000020,0
2008-04-14,000020,1
2008-04-15,000020,1
2008-04-16,000020,1
2008-04-17,000020,1
2008-04-18,000020,1
2008-04-21,000020,1
2008-04-22,000020,1
2008-04-23,000020,1
2008-04-24,000020,1
2008-04-25,000020,1
2008-04-28,000020,1
2008-04-29,000020,1
2008-04-30,000020,0
2008-05-02,000020,0
2008-05-06,000020,0
2008-05-07,000020,0
2008-05-08,000020,0
2008-05-09,000020,0
2008-05-13,000020,0
2008-05-14,000020,0
2008-05-15,000020,0
2008-05-16,000020,0
2008-05-19,000020,0
2008-05-21,000020,0
2008-05-22,000020,0
2008-05-23,000020,0
2008-05-28,000020,1
2008-06-02,000020,0
2008-06-03,000020,0
2008-06-04,000020,0
2008-06-05,000020,0
2008-06-09,000020,0
2008-06-10,000020,0
2008-06-11,000020,0
2008-06-12,000020,0
2008-06-13,000020,0
2008-06-17,000020,1
2008-06-23,000020,0
2008-06-24,000020,0
2008-06-25,000020,0
2008-06-26,000020,0
2008-06-27,000020,0
2008-06-30,000020,0
2008-07-01,000020,0
2008-07-02,000020,0
2008-07-03,000020,0
2008-07-04,000020,0
2008-07-07,000020,0
2008-07-08,000020,0
2008-07-09,000020,0
2008-07-10,000020,0
2008-07-11,000020,0
2008-07-14,000020,0
2008-07-16,000020,1
2008-07-17,000020,1
2008-07-18,000020,1
2008-07-25,000020,0
2008-07-28,000020,0
2008-07-29,000020,0
2008-07-30,000020,0
2008-07-31,000020,0
2008-08-01,000020,0
2008-08-04,000020,0
2008-08-06,000020,0
2008-08-07,000020,0
2008-08-08,000020,0
2008-08-11,000020,0
2008-08-12,000020,0
2008-08-13,000020,0
2008-08-14,000020,0
2008-08-18,000020,0
2008-08-19,000020,0
2008-08-20,000020,0
2008-08-21,000020,0
2008-08-22,000020,0
2008-08-25,000020,0
2008-08-26,000020,0
2008-08-27,000020,0
2008-08-28,000020,0
2008-08-29,000020,0
2008-09-01,000020,0
2008-09-02,000020,0
2008-09-03,000020,0
2008-09-04,000020,0
2008-09-08,000020,0
2008-09-09,000020,0
2008-09-10,000020,0
2008-09-12,000020,0
2008-09-18,000020,1
2008-09-19,000020,0
2008-09-22,000020,0
2008-09-23,000020,0
2008-09-24,000020,0
2008-09-25,000020,0
2008-09-26,000020,0
2008-09-29,000020,0
2008-09-30,000020,0
2008-10-01,000020,0
2008-10-02,000020,0
2008-10-06,000020,0
2008-10-07,000020,0
2008-10-08,000020,1
2008-10-09,000020,0
2008-10-10,000020,1
2008-10-14,000020,0
2008-10-15,000020,0
2008-10-16,000020,0
2008-10-17,000020,0
2008-10-20,000020,0
2008-10-21,000020,0
2008-10-22,000020,0
2008-10-23,000020,1
2008-10-24,000020,1
2008-10-27,000020,1
2008-10-28,000020,1
2008-10-29,000020,1
2008-10-30,000020,1
2008-10-31,000020,1
2008-11-03,000020,1
2008-11-04,000020,1
2008-11-05,000020,0
2008-11-07,000020,0
2008-11-10,000020,0
2008-11-11,000020,0
2008-11-12,000020,0
2008-11-13,000020,0
2008-11-14,000020,1
2008-11-17,000020,1
2008-11-18,000020,1
2008-11-19,000020,1
2008-11-20,000020,1
2008-11-21,000020,1
2008-11-24,000020,1
2008-11-25,000020,1
2008-11-27,000020,0
2008-11-28,000020,0
2008-12-01,000020,0
2008-12-02,000020,0
2008-12-04,000020,1
2008-12-09,000020,1
2008-12-12,000020,1
2008-12-15,000020,1
2008-12-16,000020,1
2008-12-17,000020,1
2008-12-23,000020,0
2008-12-24,000020,0
2009-01-07,000020,1
2009-01-09,000020,1
2009-01-12,000020,1
2009-01-13,000020,1
2009-01-15,000020,1
2009-01-16,000020,0
2009-01-19,000020,0
2009-01-20,000020,0
2009-01-21,000020,0
2009-01-22,000020,0
2009-01-23,000020,1
2009-01-30,000020,1
2009-02-03,000020,0
2009-02-04,000020,0
2009-02-05,000020,0
2009-02-06,000020,0
2009-02-09,000020,0
2009-02-10,000020,0
2009-02-12,000020,1
2009-02-16,000020,1
2009-02-17,000020,1
2009-02-18,000020,1
2009-02-19,000020,1
2009-02-20,000020,1
2009-02-24,000020,0
2009-02-26,000020,0
2009-02-27,000020,0
2009-03-03,000020,1
2009-03-05,000020,1
2009-03-06,000020,1
2009-03-09,000020,1
2009-03-10,000020,1
2009-03-11,000020,1
2009-03-12,000020,1
2009-03-13,000020,1
2009-03-16,000020,1
2009-03-18,000020,0
2009-03-19,000020,0
2009-03-20,000020,0
2009-03-23,000020,0
2009-03-24,000020,0
2009-03-25,000020,0
2009-03-26,000020,0
2009-03-27,000020,0
2009-03-30,000020,0
2009-03-31,000020,0
2009-04-01,000020,0
2009-04-02,000020,0
2009-04-06,000020,1
2009-04-07,000020,1
2009-04-08,000020,1
2009-04-10,000020,0
2009-04-13,000020,0
2009-04-14,000020,0
2009-04-15,000020,0
2009-04-16,000020,0
2009-04-17,000020,0
2009-04-21,000020,1
2009-04-22,000020,1
2009-04-23,000020,1
2009-04-24,000020,1
2009-04-27,000020,0
2009-04-29,000020,1
2009-04-30,000020,1
2009-05-06,000020,1
2009-05-07,000020,1
2009-05-14,000020,1
2009-05-15,000020,1
2009-05-18,000020,1
2009-05-19,000020,1
2009-05-20,000020,1
2009-05-26,000020,1
2009-06-01,000020,0
2009-06-02,000020,0
2009-06-03,000020,0
2009-06-04,000020,1
2009-06-05,000020,1
2009-06-09,000020,1
2009-06-10,000020,1
2009-06-15,000020,1
2009-06-19,000020,0
2009-06-22,000020,0
2009-06-23,000020,0
2009-06-24,000020,0
2009-06-25,000020,0
2009-06-26,000020,0
2009-06-29,000020,0
2009-07-20,000020,0
2009-07-21,000020,0
2009-07-22,000020,0
2009-07-23,000020,0
2009-07-24,000020,0
2009-07-27,000020,0
2009-07-28,000020,0
2009-07-29,000020,0
2009-08-04,000020,0
2009-08-05,000020,0
2009-08-06,000020,0
2009-08-07,000020,0
2009-08-10,000020,0
2009-08-14,000020,1
2009-08-18,000020,0
2009-08-26,000020,0
2009-08-27,000020,0
2009-08-28,000020,0
2009-08-31,000020,0
2009-09-01,000020,0
2009-09-02,000020,0
2009-09-03,000020,0
2009-09-04,000020,0
2009-09-07,000020,0
2009-09-08,000020,0
2009-09-10,000020,0
2009-09-11,000020,0
2009-09-14,000020,0
2009-09-15,000020,0
2009-09-16,000020,0
2009-09-17,000020,0
2009-09-18,000020,0
2009-09-21,000020,0
2009-09-22,000020,0
2009-09-23,000020,0
2009-09-24,000020,0
2009-09-25,000020,0
2009-09-28,000020,1
2009-09-29,000020,1
2009-09-30,000020,1
2009-10-05,000020,1
2009-10-07,000020,0
2009-10-08,000020,0
2009-10-12,000020,0
2009-10-16,000020,0
2009-10-19,000020,0
2009-10-20,000020,0
2009-10-21,000020,0
2009-10-22,000020,0
2009-10-23,000020,0
2009-10-26,000020,0
2009-10-27,000020,0
2009-10-28,000020,0
2009-10-29,000020,0
2009-10-30,000020,0
2009-11-02,000020,0
2009-11-03,000020,0
2009-11-04,000020,0
2009-11-05,000020,0
2009-11-06,000020,0
2009-11-09,000020,0
2009-11-10,000020,0
2009-11-11,000020,0
2009-11-12,000020,0
2009-11-16,000020,1
2009-11-17,000020,1
2009-11-18,000020,1
2009-11-19,000020,1
2009-11-20,000020,0
2009-11-23,000020,0
2009-11-24,000020,0
2009-11-25,000020,0
2009-11-27,000020,1
2009-11-30,000020,1
2009-12-01,000020,1
2009-12-02,000020,1
2009-12-03,000020,1
2009-12-04,000020,1
2009-12-07,000020,1
2009-12-08,000020,1
2009-12-11,000020,0
2009-12-14,000020,0
2009-12-24,000020,0
2009-12-28,000020,0
2009-12-29,000020,0
2009-12-30,000020,0
2010-01-04,000020,0
2010-01-05,000020,0
2010-01-06,000020,0
2010-01-07,000020,0
2010-01-08,000020,0
2010-01-11,000020,0
2010-01-12,000020,0
2010-01-13,000020,0
2010-01-14,000020,0
2010-01-15,000020,0
2010-01-18,000020,0
2010-01-19,000020,0
2010-01-20,000020,0
2010-01-21,000020,0
2010-01-22,000020,0
2010-01-25,000020,0
2010-01-26,000020,0
2010-01-27,000020,0
2010-01-28,000020,0
2010-02-01,000020,0
2010-02-03,000020,1
2010-02-05,000020,1
2010-02-08,000020,1
2010-02-09,000020,1
2010-02-10,000020,0
2010-02-11,000020,0
2010-02-16,000020,0
2010-02-17,000020,0
2010-02-18,000020,0
2010-02-19,000020,0
2010-02-22,000020,0
2010-02-23,000020,0
2010-02-24,000020,0
2010-03-04,000020,1
2010-03-05,000020,1
2010-03-08,000020,1
2010-03-11,000020,0
2010-03-12,000020,0
2010-03-15,000020,0
2010-03-16,000020,0
2010-03-17,000020,0
2010-03-18,000020,0
2010-03-19,000020,0
2010-03-22,000020,0
2010-03-23,000020,0
2010-03-24,000020,0
2010-03-26,000020,0
2010-03-29,000020,0
2010-03-30,000020,0
2010-04-07,000020,0
2010-04-08,000020,0
2010-04-12,000020,0
2010-04-14,000020,1
2010-04-19,000020,1
2010-04-21,000020,0
2010-04-22,000020,0
2010-04-23,000020,0
2010-04-26,000020,0
2010-04-27,000020,0
2010-04-28,000020,0
2010-04-29,000020,0
2010-04-30,000020,0
2010-05-03,000020,0
2010-05-04,000020,0
2010-05-06,000020,0
2010-05-10,000020,0
2010-05-11,000020,0
2010-05-12,000020,0
2010-05-13,000020,0
2010-05-14,000020,0
2010-05-17,000020,0
2010-05-18,000020,0
2010-05-19,000020,0
2010-05-20,000020,0
2010-05-24,000020,1
2010-05-25,000020,1
2010-05-26,000020,1
2010-05-27,000020,1
2010-05-28,000020,1
2010-05-31,000020,1
2010-06-01,000020,1
2010-06-03,000020,0
2010-06-04,000020,0
2010-06-07,000020,0
2010-06-08,000020,0
2010-06-09,000020,0
2010-06-10,000020,0
2010-06-11,000020,0
2010-06-14,000020,0
2010-06-15,000020,0
2010-06-16,000020,0
2010-06-22,000020,0
2010-06-23,000020,0
2010-06-24,000020,0
2010-06-25,000020,0
2010-06-28,000020,0
2010-06-29,000020,0
2010-06-30,000020,0
2010-07-01,000020,0
2010-07-02,000020,0
2010-07-05,000020,0
2010-07-08,000020,1
2010-07-13,000020,0
2010-07-14,000020,0
2010-07-15,000020,0
2010-07-16,000020,0
2010-07-19,000020,0
2010-07-21,000020,1
2010-07-22,000020,1
2010-07-27,000020,1
2010-07-28,000020,0
2010-07-29,000020,0
2010-07-30,000020,0
2010-08-02,000020,1
2010-08-09,000020,0
2010-08-10,000020,0
2010-08-11,000020,0
2010-08-12,000020,0
2010-08-13,000020,0
2010-08-16,000020,0
2010-08-17,000020,0
2010-08-18,000020,0
2010-08-19,000020,0
2010-08-20,000020,0
2010-08-23,000020,0
2010-08-24,000020,0
2010-08-25,000020,1
2010-08-27,000020,1
2010-08-30,000020,1
2010-08-31,000020,1
2010-09-06,000020,0
2010-09-07,000020,0
2010-09-08,000020,0
2010-09-09,000020,0
2010-09-10,000020,0
2010-09-13,000020,0
2010-09-14,000020,0
2010-09-15,000020,0
2010-09-16,000020,0
2010-09-20,000020,1
2010-09-24,000020,1
2010-09-27,000020,1
2010-09-28,000020,1
2010-09-29,000020,1
2010-09-30,000020,1
2010-10-01,000020,1
2010-10-07,000020,0
2010-10-08,000020,0
2010-10-11,000020,0
2010-10-13,000020,1
2010-10-14,000020,1
2010-10-15,000020,1
2010-10-18,000020,1
2010-10-19,000020,1
2010-10-20,000020,0
2010-10-21,000020,0
2010-10-22,000020,0
2010-10-25,000020,0
2010-10-26,000020,0
2010-10-27,000020,0
2010-10-28,000020,0
2010-10-29,000020,0
2010-11-01,000020,0
2010-11-04,000020,0
2010-11-05,000020,0
2010-11-08,000020,0
2010-11-09,000020,0
2010-11-10,000020,0
2010-11-11,000020,0
2010-11-12,000020,0
2010-11-15,000020,0
2010-11-17,000020,0
2010-11-18,000020,0
2010-11-19,000020,0
2010-11-22,000020,0
2010-11-23,000020,0
2010-12-02,000020,1
2010-12-03,000020,1
2010-12-06,000020,1
2010-12-07,000020,1
2010-12-08,000020,1
2010-12-13,000020,0
2010-12-14,000020,0
2010-12-15,000020,0
2010-12-17,000020,0
2010-12-22,000020,1
2010-12-24,000020,1
2010-12-27,000020,1
2010-12-29,000020,0
2010-12-30,000020,0
2011-01-03,000020,0
2011-01-04,000020,0
2011-01-05,000020,0
2011-01-06,000020,0
2011-01-07,000020,0
2011-01-10,000020,0
2011-01-11,000020,0
2011-01-13,000020,0
2011-01-14,000020,0
2011-01-17,000020,0
2011-01-18,000020,0
2011-01-19,000020,0
2011-01-20,000020,0
2011-01-21,000020,0
2011-01-24,000020,0
2011-01-25,000020,0
2011-01-26,000020,0
2011-01-27,000020,0
2011-01-31,000020,0
2011-02-01,000020,0
2011-02-07,000020,0
2011-02-08,000020,0
2011-02-09,000020,0
2011-02-10,000020,0
2011-02-11,000020,0
2011-02-14,000020,0
2011-02-15,000020,0
2011-02-16,000020,0
2011-02-17,000020,0
2011-02-18,000020,0
2011-02-25,000020,0
2011-02-28,000020,0
2011-03-03,000020,0
2011-03-04,000020,0
2011-03-07,000020,0
2011-03-08,000020,0
2011-03-09,000020,0
2011-03-10,000020,0
2011-03-11,000020,0
2011-03-14,000020,1
2011-03-15,000020,1
2011-03-16,000020,1
2011-03-17,000020,1
2011-03-18,000020,1
2011-03-21,000020,1
2011-03-22,000020,1
2011-03-23,000020,1
2011-03-30,000020,0
2011-03-31,000020,0
2011-04-01,000020,0
2011-04-04,000020,0
2011-04-05,000020,0
2011-04-06,000020,0
2011-04-07,000020,0
2011-04-08,000020,0
2011-04-13,000020,1
2011-04-14,000020,1
2011-04-15,000020,1
2011-04-19,000020,0
2011-04-21,000020,1
2011-04-22,000020,1
2011-04-25,000020,1
2011-04-26,000020,1
2011-04-27,000020,1
2011-04-28,000020,0
2011-04-29,000020,0
2011-05-02,000020,0
2011-05-03,000020,0
2011-05-04,000020,0
2011-05-06,000020,1
2011-05-09,000020,1
2011-05-11,000020,1
2011-05-12,000020,1
2011-05-16,000020,0
2011-05-17,000020,0
2011-05-18,000020,0
2011-05-19,000020,0
2011-05-20,000020,0
2011-05-23,000020,0
2011-05-24,000020,0
2011-05-27,000020,0
2011-05-30,000020,0
2011-06-01,000020,0
2011-06-02,000020,1
2011-06-03,000020,1
2011-06-07,000020,1
2011-06-08,000020,1
2011-06-10,000020,0
2011-06-13,000020,0
2011-06-14,000020,0
2011-06-15,000020,0
2011-06-16,000020,0
2011-06-20,000020,0
2011-06-21,000020,0
2011-07-05,000020,0
2011-07-06,000020,0
2011-07-07,000020,0
2011-07-12,000020,1
2011-07-13,000020,1
2011-07-14,000020,1
2011-07-15,000020,1
2011-07-18,000020,1
2011-07-19,000020,1
2011-07-20,000020,1
2011-07-21,000020,1
2011-07-22,000020,1
2011-07-25,000020,1
2011-07-26,000020,1
2011-07-27,000020,1
2011-07-29,000020,0
2011-08-01,000020,0
2011-08-02,000020,0
2011-08-03,000020,0
2011-08-04,000020,0
2011-08-09,000020,1
2011-08-11,000020,0
2011-08-12,000020,0
2011-08-16,000020,0
2011-08-17,000020,0
2011-08-18,000020,0
2011-08-19,000020,1
2011-08-22,000020,1
2011-08-23,000020,1
2011-08-24,000020,1
2011-08-25,000020,1
2011-08-29,000020,0
2011-08-30,000020,0
2011-09-01,000020,0
2011-09-02,000020,0
2011-09-05,000020,0
2011-09-07,000020,0
2011-09-08,000020,0
2011-09-09,000020,0
2011-09-14,000020,1
2011-09-15,000020,0
2011-09-16,000020,0
2011-09-19,000020,0
2011-09-20,000020,0
2011-09-21,000020,0
2011-09-22,000020,0
2011-09-27,000020,0
2011-09-29,000020,1
2011-10-04,000020,1
2011-10-05,000020,1
2011-10-06,000020,1
2011-10-07,000020,0
2011-10-11,000020,1
2011-10-17,000020,0
2011-10-18,000020,0
2011-10-19,000020,0
2011-10-20,000020,0
2011-10-21,000020,0
2011-10-24,000020,0
2011-10-25,000020,0
2011-10-27,000020,1
2011-10-28,000020,1
2011-10-31,000020,1
2011-11-03,000020,0
2011-11-04,000020,0
2011-11-07,000020,0
2011-11-08,000020,0
2011-11-09,000020,0
2011-11-10,000020,0
2011-11-11,000020,0
2011-11-14,000020,0
2011-11-17,000020,0
2011-11-18,000020,0
2011-11-21,000020,0
2011-11-22,000020,0
2011-11-23,000020,0
2011-11-24,000020,0
2011-11-25,000020,0
2011-11-28,000020,0
2011-12-02,000020,0
2011-12-05,000020,0
2011-12-06,000020,0
2011-12-07,000020,0
2011-12-08,000020,0
2011-12-09,000020,0
2011-12-12,000020,0
2011-12-13,000020,0
2011-12-14,000020,0
2011-12-15,000020,0
2011-12-19,000020,1
2011-12-20,000020,0
2011-12-21,000020,0
2011-12-22,000020,0
2011-12-23,000020,0
2011-12-26,000020,0
2011-12-27,000020,0
2011-12-28,000020,1
2012-01-02,000020,1
2012-01-03,000020,1
2012-01-04,000020,1
2012-01-05,000020,1
2012-01-06,000020,1
2012-01-10,000020,1
2012-01-11,000020,0
2012-01-12,000020,0
2012-01-19,000020,1
2012-01-20,000020,1
2012-01-26,000020,0
2012-01-27,000020,0
2012-01-30,000020,0
2012-01-31,000020,0
2012-02-01,000020,0
2012-02-02,000020,0
2012-02-06,000020,1
2012-02-07,000020,1
2012-02-08,000020,1
2012-02-13,000020,0
2012-02-14,000020,0
2012-02-15,000020,0
2012-02-17,000020,0
2012-02-20,000020,0
2012-02-21,000020,0
2012-02-22,000020,0
2012-02-23,000020,0
2012-02-24,000020,0
2012-02-27,000020,0
2012-02-28,000020,0
2012-02-29,000020,0
2012-03-02,000020,0
2012-03-05,000020,1
2012-03-06,000020,1
2012-03-07,000020,1
2012-03-12,000020,0
2012-03-13,000020,0
2012-03-14,000020,0
2012-03-15,000020,0
2012-03-16,000020,0
2012-03-19,000020,0
2012-03-20,000020,0
2012-03-21,000020,0
2012-03-22,000020,0
2012-03-23,000020,0
2012-03-28,000020,0
2012-03-30,000020,0
2012-04-02,000020,0
2012-04-03,000020,0
2012-04-04,000020,0
2012-04-05,000020,0
2012-04-09,000020,1
2012-04-10,000020,1
2012-04-12,000020,1
2012-04-13,000020,1
2012-04-16,000020,1
2012-04-18,000020,1
2012-04-19,000020,1
2012-04-24,000020,1
2012-05-09,000020,0
2012-05-10,000020,0
2012-05-11,000020,0
2012-05-14,000020,0
2012-05-15,000020,0
2012-05-18,000020,1
2012-05-21,000020,1
2012-05-30,000020,1
2012-05-31,000020,1
2012-06-01,000020,1
2012-06-08,000020,0
2012-06-11,000020,0
2012-06-12,000020,0
2012-06-15,000020,0
2012-06-18,000020,0
2012-06-19,000020,0
2012-06-20,000020,0
2012-06-21,000020,0
2012-06-22,000020,0
2012-06-28,000020,0
2012-07-05,000020,1
2012-07-13,000020,0
2012-07-16,000020,0
2012-07-17,000020,0
2012-07-18,000020,0
2012-07-19,000020,0
2012-07-23,000020,1
2012-07-24,000020,1
2012-07-25,000020,1
2012-07-30,000020,0
2012-08-01,000020,0
2012-08-02,000020,0
2012-08-07,000020,0
2012-08-08,000020,0
2012-08-09,000020,0
2012-08-10,000020,0
2012-08-13,000020,0
2012-08-14,000020,0
2012-08-23,000020,0
2012-08-31,000020,0
2012-09-04,000020,0
2012-09-07,000020,1
2012-09-10,000020,1
2012-09-11,000020,1
2012-09-12,000020,1
2012-09-19,000020,0
2012-09-20,000020,0
2012-09-25,000020,1
2012-09-26,000020,1
2012-09-27,000020,1
2012-09-28,000020,1
2012-10-05,000020,1
2012-10-08,000020,1
2012-10-12,000020,0
2012-10-15,000020,0
2012-10-16,000020,0
2012-10-18,000020,0
2012-10-19,000020,0
2012-10-22,000020,0
2012-10-23,000020,0
2012-10-26,000020,1
2012-10-29,000020,1
2012-10-31,000020,0
2012-11-01,000020,1
2012-11-02,000020,0
2012-11-05,000020,0
2012-11-06,000020,0
2012-11-07,000020,0
2012-11-08,000020,0
2012-11-09,000020,0
2012-11-12,000020,0
2012-11-13,000020,0
2012-11-14,000020,0
2012-11-15,000020,0
2012-11-20,000020,0
2012-11-22,000020,1
2012-11-29,000020,0
2012-11-30,000020,0
2012-12-06,000020,1
2012-12-10,000020,0
2012-12-11,000020,0
2012-12-12,000020,0
2012-12-13,000020,0
2012-12-14,000020,0
2012-12-17,000020,0
2012-12-18,000020,0
2012-12-27,000020,0
2013-01-04,000020,1
2013-01-07,000020,1
2013-01-11,000020,0
2013-01-14,000020,0
2013-01-15,000020,0
2013-01-16,000020,0
2013-01-17,000020,0
2013-01-18,000020,0
2013-01-21,000020,0
2013-01-22,000020,0
2013-01-23,000020,0
2013-01-24,000020,0
2013-01-25,000020,0
2013-01-28,000020,0
2013-01-29,000020,0
2013-01-30,000020,0
2013-01-31,000020,0
2013-02-05,000020,1
2013-02-18,000020,0
2013-02-19,000020,0
2013-02-20,000020,0
2013-02-21,000020,0
2013-02-22,000020,0
2013-02-27,000020,0
2013-03-05,000020,1
2013-03-06,000020,1
2013-03-07,000020,1
2013-03-08,000020,1
2013-03-13,000020,0
2013-03-14,000020,0
2013-03-15,000020,0
2013-03-18,000020,0
2013-03-19,000020,0
2013-03-20,000020,0
2013-03-21,000020,0
2013-03-25,000020,0
2013-03-29,000020,0
2013-04-01,000020,0
2013-04-02,000020,0
2013-04-03,000020,0
2013-04-04,000020,0
2013-04-08,000020,1
2013-04-09,000020,1
2013-04-10,000020,1
2013-04-15,000020,0
2013-04-16,000020,0
2013-04-17,000020,0
2013-04-19,000020,1
2013-04-22,000020,1
2013-04-23,000020,1
2013-04-24,000020,1
2013-04-25,000020,1
2013-04-26,000020,1
2013-04-29,000020,1
2013-04-30,000020,1
2013-05-02,000020,1
2013-05-03,000020,0
2013-05-06,000020,0
2013-05-07,000020,0
2013-05-08,000020,0
2013-05-14,000020,1
2013-05-15,000020,0
2013-05-16,000020,0
2013-05-20,000020,0
2013-05-21,000020,0
2013-05-22,000020,0
2013-05-24,000020,0
2013-05-27,000020,0
2013-05-28,000020,0
2013-05-29,000020,0
2013-05-30,000020,0
2013-05-31,000020,0
2013-06-05,000020,1
2013-06-07,000020,1
2013-06-12,000020,0
2013-06-13,000020,0
2013-06-14,000020,0
2013-06-17,000020,0
2013-06-18,000020,0
2013-06-19,000020,0
2013-06-20,000020,0
2013-06-24,000020,1
2013-06-25,000020,1
2013-06-26,000020,1
2013-07-01,000020,0
2013-07-02,000020,0
2013-07-05,000020,0
2013-07-08,000020,0
2013-07-15,000020,1
2013-07-16,000020,1
2013-07-19,000020,0
2013-07-22,000020,0
2013-07-23,000020,0
2013-07-24,000020,0
2013-07-25,000020,0
2013-07-26,000020,0
2013-07-31,000020,0
2013-08-01,000020,0
2013-08-02,000020,0
2013-08-05,000020,0
2013-08-06,000020,0
2013-08-07,000020,0
2013-08-09,000020,0
2013-08-12,000020,0
2013-08-13,000020,0
2013-08-14,000020,0
2013-08-16,000020,0
2013-08-19,000020,0
2013-08-20,000020,0
2013-08-21,000020,0
2013-08-27,000020,0
2013-08-28,000020,0
2013-08-29,000020,0
2013-08-30,000020,0
2013-09-02,000020,0
2013-09-03,000020,0
2013-09-04,000020,0
2013-09-09,000020,0
2013-09-11,000020,0
2013-09-12,000020,0
2013-09-13,000020,0
2013-09-27,000020,0
2013-09-30,000020,0
2013-10-01,000020,0
2013-10-02,000020,0
2013-10-04,000020,0
2013-10-08,000020,0
2013-10-10,000020,0
2013-10-11,000020,0
2013-10-14,000020,0
2013-10-15,000020,0
2013-10-16,000020,0
2013-10-24,000020,0
2013-10-25,000020,0
2013-10-28,000020,0
2013-10-29,000020,0
2013-10-30,000020,0
2013-10-31,000020,0
2013-11-01,000020,0
2013-11-04,000020,0
2013-11-05,000020,0
2013-11-06,000020,0
2013-11-07,000020,0
2013-11-08,000020,0
2013-11-11,000020,0
2013-11-12,000020,0
2013-11-13,000020,0
2013-11-14,000020,0
2013-11-15,000020,0
2013-11-18,000020,0
2013-11-20,000020,0
2013-11-21,000020,0
2013-11-25,000020,0
2013-11-26,000020,0
2013-11-27,000020,0
2013-11-28,000020,0
2013-11-29,000020,0
2013-12-02,000020,0
2013-12-06,000020,0
2013-12-09,000020,0
2013-12-10,000020,0
2013-12-11,000020,0
2013-12-12,000020,0
2013-12-13,000020,0
2013-12-16,000020,0
2013-12-18,000020,0
2013-12-19,000020,0
2013-12-20,000020,0
2013-12-23,000020,0
2013-12-24,000020,0
2013-12-26,000020,0
2013-12-30,000020,1
2014-01-02,000020,1
2014-01-10,000020,1
2014-01-13,000020,1
2014-01-14,000020,1
2014-01-15,000020,1
2014-01-16,000020,0
2014-01-17,000020,0
2014-01-20,000020,0
2014-01-21,000020,0
2014-01-22,000020,0
2014-01-29,000020,0
2014-02-03,000020,0
2014-02-04,000020,0
2014-02-05,000020,0
2014-02-06,000020,0
2014-02-07,000020,0
2014-02-10,000020,0
2014-02-11,000020,0
2014-02-12,000020,0
2014-02-13,000020,0
2014-02-19,000020,1
2014-02-20,000020,1
2014-02-21,000020,1
2014-02-24,000020,1
2014-02-25,000020,1
2014-02-26,000020,1
2014-02-27,000020,1
2014-02-28,000020,1
2014-03-04,000020,1
2014-03-06,000020,1
2014-03-07,000020,1
2014-03-13,000020,0
2014-03-14,000020,0
2014-03-18,000020,0
2014-03-20,000020,0
2014-03-21,000020,0
2014-03-24,000020,0
2014-03-25,000020,0
2014-03-26,000020,0
2014-03-28,000020,1
2014-04-02,000020,0
2014-04-08,000020,1
2014-04-09,000020,1
2014-04-10,000020,1
2014-04-17,000020,0
2014-04-21,000020,0
2014-04-22,000020,0
2014-04-23,000020,0
2014-04-30,000020,0
2014-05-02,000020,0
2014-05-07,000020,0
2014-05-08,000020,0
2014-05-14,000020,0
2014-05-15,000020,0
2014-05-16,000020,0
2014-05-19,000020,0
2014-05-20,000020,0
2014-05-21,000020,0
2014-05-22,000020,0
2014-05-23,000020,0
2014-05-26,000020,0
2014-05-27,000020,0
2014-05-28,000020,0
2014-05-29,000020,0
2014-05-30,000020,0
2014-06-02,000020,0
2014-06-03,000020,0
2014-06-05,000020,0
2014-06-16,000020,0
2014-06-17,000020,0
2014-06-18,000020,0
2014-06-19,000020,0
2014-06-20,000020,0
2014-06-27,000020,0
2014-06-30,000020,0
2014-07-01,000020,0
2014-07-02,000020,0
2014-07-03,000020,0
2014-07-04,000020,0
2014-07-10,000020,0
2014-07-11,000020,0
2014-07-14,000020,0
2014-07-15,000020,0
2014-07-16,000020,0
2014-07-17,000020,0
2014-07-18,000020,0
2014-07-21,000020,0
2014-07-22,000020,0
2014-07-23,000020,0
2014-07-24,000020,0
2014-07-25,000020,0
2014-07-28,000020,0
2014-07-29,000020,0
2014-07-30,000020,0
2014-07-31,000020,0
2014-08-01,000020,0
2014-08-04,000020,0
2014-08-08,000020,1
2014-08-13,000020,0
2014-08-14,000020,0
2014-08-18,000020,0
2014-08-27,000020,1
2014-08-29,000020,1
2014-09-01,000020,1
2014-09-02,000020,1
2014-09-11,000020,0
2014-09-12,000020,0
2014-09-15,000020,0
2014-09-16,000020,0
2014-09-17,000020,0
2014-09-22,000020,0
2014-09-23,000020,0
2014-09-24,000020,0
2014-09-26,000020,0
2014-09-29,000020,1
2014-09-30,000020,1
2014-10-01,000020,1
2014-10-06,000020,1
2014-10-07,000020,1
2014-10-08,000020,1
2014-10-10,000020,1
2014-10-13,000020,1
2014-10-14,000020,1
2014-10-15,000020,1
2014-10-17,000020,0
2014-10-22,000020,0
2014-10-23,000020,0
2014-10-24,000020,0
2014-10-27,000020,0
2014-10-28,000020,0
2014-10-29,000020,0
2014-10-30,000020,0
2014-10-31,000020,0
2014-11-03,000020,0
2014-11-06,000020,1
2014-11-10,000020,0
2014-11-11,000020,0
2014-11-12,000020,0
2014-11-13,000020,0
2014-11-14,000020,0
2014-11-21,000020,0
2014-11-25,000020,0
2014-11-26,000020,0
2014-11-27,000020,0
2014-11-28,000020,0
2014-12-01,000020,0
2014-12-02,000020,0
2014-12-03,000020,0
2014-12-04,000020,0
2014-12-05,000020,0
2014-12-08,000020,1
2014-12-09,000020,1
2014-12-10,000020,1
2014-12-12,000020,0
2014-12-15,000020,0
2014-12-16,000020,0
2014-12-18,000020,1
2014-12-19,000020,1
2014-12-22,000020,1
2014-12-23,000020,1
2014-12-26,000020,0
2014-12-29,000020,0
2014-12-30,000020,0
2015-01-08,000020,1
2015-01-14,000020,0
2015-01-15,000020,0
2015-01-16,000020,0
2015-01-19,000020,0
2015-01-20,000020,0
2015-01-21,000020,0
2015-01-23,000020,1
2015-01-26,000020,1
2015-01-27,000020,1
2015-01-28,000020,1
2015-01-29,000020,1
2015-02-12,000020,1
2015-02-13,000020,1
2015-02-27,000020,1
2015-03-02,000020,1
2015-03-04,000020,1
2015-03-05,000020,1
2015-03-09,000020,1
2015-03-10,000020,1
2015-03-11,000020,1
2015-03-12,000020,1
2015-03-13,000020,1
2015-03-16,000020,1
2015-03-17,000020,1
2015-03-18,000020,1
2015-03-19,000020,1
2015-03-23,000020,0
2015-03-24,000020,0
2015-03-25,000020,0
2015-03-26,000020,0
2015-04-02,000020,1
2015-04-03,000020,1
2015-04-06,000020,1
2015-04-07,000020,1
2015-04-08,000020,1
2015-04-14,000020,0
2015-04-15,000020,0
2015-04-16,000020,0
2015-04-17,000020,0
2015-04-20,000020,0
2015-04-21,000020,0
2015-04-22,000020,0
2015-04-23,000020,0
2015-04-24,000020,0
2015-04-27,000020,0
2015-04-28,000020,0
2015-04-29,000020,0
2015-04-30,000020,0
2015-05-06,000020,1
2015-05-07,000020,1
2015-05-08,000020,1
2015-05-13,000020,1
2015-05-14,000020,1
2015-05-15,000020,1
2015-05-18,000020,1
2015-05-19,000020,1
2015-05-20,000020,0
2015-05-21,000020,0
2015-05-26,000020,1
2015-05-27,000020,1
2015-05-28,000020,0
2015-06-01,000020,0
2015-06-02,000020,0
2015-06-03,000020,0
2015-06-04,000020,0
2015-06-05,000020,0
2015-06-08,000020,0
2015-06-09,000020,0
2015-06-10,000020,0
2015-06-11,000020,0
2015-06-17,000020,1
2015-06-18,000020,1
2015-06-22,000020,0
2015-06-23,000020,0
2015-06-24,000020,1
2015-06-26,000020,1
2015-06-29,000020,1
2015-06-30,000020,1
2015-07-01,000020,0
2015-07-02,000020,0
2015-07-03,000020,0
2015-07-06,000020,0
2015-07-07,000020,0
2015-07-09,000020,1
2015-07-14,000020,0
2015-07-15,000020,0
2015-07-16,000020,0
2015-07-20,000020,0
2015-07-21,000020,0
2015-07-22,000020,0
2015-07-23,000020,0
2015-07-24,000020,0
2015-07-27,000020,0
2015-07-28,000020,0
2015-07-30,000020,1
2015-07-31,000020,1
2015-08-05,000020,0
2015-08-06,000020,0
2015-08-07,000020,0
2015-08-10,000020,0
2015-08-11,000020,0
2015-08-12,000020,0
2015-08-13,000020,0
2015-08-17,000020,0
2015-08-18,000020,0
2015-08-19,000020,0
2015-08-21,000020,1
2015-08-24,000020,1
2015-08-27,000020,0
2015-08-28,000020,0
2015-08-31,000020,0
2015-09-01,000020,0
2015-09-02,000020,0
2015-09-03,000020,0
2015-09-08,000020,1
2015-09-09,000020,1
2015-09-11,000020,1
2015-09-14,000020,1
2015-09-16,000020,0
2015-09-18,000020,0
2015-09-21,000020,0
2015-09-22,000020,0
2015-09-23,000020,0
2015-09-24,000020,0
2015-10-01,000020,0
2015-10-02,000020,0
2015-10-05,000020,0
2015-10-06,000020,0
2015-10-07,000020,0
2015-10-08,000020,0
2015-10-20,000020,0
2015-10-23,000020,0
2015-10-26,000020,0
2015-10-27,000020,0
2015-10-29,000020,1
2015-10-30,000020,1
2015-11-02,000020,1
2015-11-03,000020,1
2015-11-04,000020,1
2015-11-05,000020,1
2015-11-06,000020,1
2015-11-10,000020,1
2015-11-11,000020,0
2015-11-12,000020,0
2015-11-13,000020,0
2015-11-16,000020,1
2015-11-18,000020,1
2015-11-23,000020,0
2015-11-24,000020,0
2015-11-25,000020,0
2015-11-26,000020,0
2015-11-27,000020,0
2015-11-30,000020,0
2015-12-01,000020,0
2015-12-02,000020,0
2015-12-03,000020,0
2015-12-04,000020,0
2015-12-07,000020,0
2015-12-08,000020,0
2015-12-11,000020,1
2015-12-14,000020,1
2015-12-15,000020,1
2015-12-16,000020,0
2015-12-18,000020,1
2015-12-21,000020,1
2015-12-22,000020,1
2015-12-23,000020,1
2015-12-24,000020,1
2015-12-28,000020,1
2015-12-30,000020,1
2016-01-04,000020,1
2016-01-05,000020,1
2016-01-08,000020,0
2016-01-11,000020,0
2016-01-12,000020,0
2016-01-13,000020,0
2016-01-18,000020,1
2016-01-22,000020,1
2016-01-25,000020,1
2016-01-27,000020,1
2016-01-28,000020,1
2016-01-29,000020,1
2016-02-01,000020,0
2016-02-02,000020,0
2016-02-03,000020,0
2016-02-04,000020,0
2016-02-05,000020,0
2016-02-11,000020,0
2016-02-16,000020,0
2016-02-17,000020,0
2016-02-18,000020,0
2016-02-22,000020,0
2016-02-26,000020,0
2016-03-09,000020,0
2016-03-10,000020,0
2016-03-15,000020,1
2016-03-16,000020,1
2016-03-17,000020,1
2016-03-22,000020,0
2016-03-23,000020,0
2016-03-24,000020,0
2016-03-28,000020,1
2016-03-29,000020,1
2016-03-30,000020,1
2016-03-31,000020,1
2016-04-01,000020,1
2016-04-05,000020,0
2016-04-06,000020,0
2016-04-07,000020,0
2016-04-08,000020,0
2016-04-11,000020,0
2016-04-15,000020,0
2016-04-18,000020,1
2016-04-19,000020,1
2016-04-22,000020,1
2016-04-25,000020,0
2016-04-26,000020,0
2016-04-27,000020,0
2016-04-28,000020,0
2016-04-29,000020,0
2016-05-03,000020,1
2016-05-04,000020,1
2016-05-09,000020,1
2016-05-10,000020,1
2016-05-11,000020,1
2016-05-12,000020,1
2016-05-13,000020,1
2016-05-16,000020,1
2016-05-17,000020,1
2016-05-18,000020,0
2016-05-19,000020,0
2016-05-20,000020,0
2016-05-23,000020,0
2016-05-24,000020,0
2016-05-26,000020,1
2016-06-02,000020,0
2016-06-03,000020,0
2016-06-07,000020,0
2016-06-08,000020,0
2016-06-09,000020,0
2016-06-10,000020,0
2016-06-14,000020,0
2016-06-15,000020,0
2016-06-16,000020,0
2016-06-17,000020,0
2016-06-20,000020,0
2016-06-21,000020,0
2016-06-22,000020,0
2016-06-24,000020,1
2016-06-27,000020,1
2016-06-28,000020,1
2016-06-30,000020,1
2016-07-01,000020,1
2016-07-07,000020,0
2016-07-08,000020,0
2016-07-11,000020,0
2016-07-12,000020,0
2016-07-13,000020,0
2016-07-14,000020,0
2016-07-15,000020,0
2016-07-18,000020,0
2016-07-22,000020,0
2016-07-25,000020,0
2016-07-26,000020,0
2016-07-27,000020,0
2016-07-28,000020,0
2016-07-29,000020,0
2016-08-01,000020,0
2016-08-02,000020,0
2016-08-09,000020,0
2016-08-10,000020,0
2016-08-11,000020,0
2016-08-12,000020,0
2016-08-16,000020,0
2016-08-17,000020,0
2016-08-18,000020,0
2016-08-19,000020,0
2016-08-23,000020,0
2016-08-24,000020,0
2016-08-25,000020,0
2016-08-29,000020,1
2016-08-31,000020,1
2016-09-01,000020,1
2016-09-05,000020,0
2016-09-06,000020,0
2016-09-07,000020,0
2016-09-08,000020,0
2016-09-09,000020,0
2016-09-13,000020,1
2016-09-19,000020,1
2016-09-23,000020,0
2016-09-26,000020,0
2016-09-27,000020,0
2016-09-28,000020,0
2016-09-29,000020,0
2016-09-30,000020,0
2016-10-04,000020,0
2016-10-05,000020,0
2016-10-06,000020,0
2016-10-10,000020,0
2016-10-11,000020,0
2016-10-12,000020,0
2016-10-13,000020,0
2016-10-14,000020,0
2016-10-17,000020,0
2016-10-18,000020,0
2016-10-19,000020,0
2016-10-20,000020,0
2016-10-21,000020,0
2016-10-24,000020,0
2016-10-25,000020,0
2016-10-26,000020,0
2016-10-27,000020,0
2016-10-28,000020,0
2016-10-31,000020,0
2016-11-01,000020,0
2016-11-02,000020,0
2016-11-04,000020,1
2016-11-07,000020,1
2016-11-09,000020,1
2016-11-10,000020,1
2016-11-16,000020,0
2016-11-17,000020,0
2016-11-18,000020,0
2016-11-21,000020,0
2016-11-22,000020,0
2016-11-23,000020,0
2016-11-24,000020,0
2016-11-25,000020,0
2016-11-28,000020,0
2016-11-29,000020,0
2016-11-30,000020,0
2016-12-01,000020,0
2016-12-02,000020,0
2016-12-07,000020,1
2016-12-08,000020,1
2016-12-09,000020,1
2016-12-15,000020,0
2016-12-16,000020,0
2016-12-19,000020,0
2016-12-20,000020,0
2016-12-22,000020,1
2017-01-02,000020,0
2017-01-03,000020,0
2017-01-04,000020,0
2017-01-05,000020,0
2017-01-06,000020,0
2017-01-09,000020,0
2017-01-16,000020,1
2017-01-19,000020,1
2017-01-23,000020,0
2017-01-24,000020,0
2017-01-25,000020,0
2017-02-02,000020,1
2017-02-06,000020,0
2017-02-07,000020,0
2017-02-09,000020,0
2017-02-20,000020,1
2017-02-21,000020,1
2017-02-24,000020,1
2017-03-06,000020,0
2017-03-07,000020,0
2017-03-08,000020,0
2017-03-10,000020,0
2017-03-13,000020,0
2017-03-16,000020,0
2017-03-17,000020,0
2017-04-03,000020,0
2017-04-07,000020,0
2017-04-17,000020,0
2017-04-18,000020,0
2017-04-19,000020,0
2017-04-20,000020,0
2017-04-21,000020,0
2017-04-24,000020,0
2017-04-27,000020,0
2017-05-04,000020,0
2017-05-08,000020,0
2017-05-10,000020,0
2017-05-11,000020,0
2017-05-12,000020,0
2017-05-15,000020,0
2017-05-16,000020,0
2017-05-19,000020,0
2017-05-29,000020,1
2017-06-02,000020,0
2017-06-05,000020,0
2017-06-07,000020,0
2017-06-08,000020,0
2017-06-09,000020,0
2017-06-12,000020,0
2017-06-13,000020,0
2017-06-14,000020,0
2017-06-15,000020,0
2017-06-16,000020,0
2017-06-19,000020,0
2017-06-21,000020,0
2017-06-22,000020,0
2017-06-23,000020,0
2017-06-26,000020,0
2017-06-27,000020,0
2017-06-28,000020,0
2017-06-29,000020,0
2017-06-30,000020,0
2017-07-03,000020,0
2017-07-04,000020,0
2017-07-05,000020,0
2017-07-06,000020,0
2017-07-07,000020,0
2017-07-10,000020,0
2017-07-11,000020,0
2017-07-12,000020,0
2017-07-13,000020,1
2017-07-14,000020,1
2017-07-20,000020,0
2017-07-21,000020,0
2017-07-24,000020,0
2017-07-25,000020,0
2017-07-27,000020,0
2017-08-02,000020,0
2017-08-03,000020,0
2017-08-04,000020,0
2017-08-09,000020,1
2017-08-10,000020,1
2017-08-11,000020,1
2017-08-14,000020,1
2017-08-16,000020,1
2017-08-28,000020,0
2017-08-29,000020,0
2017-08-30,000020,0
2017-08-31,000020,0
2017-09-01,000020,0
2017-09-06,000020,1
2017-09-11,000020,0
2017-09-12,000020,0
2017-09-13,000020,0
2017-09-14,000020,0
2017-09-15,000020,0
2017-09-18,000020,0
2017-09-19,000020,0
2017-09-20,000020,0
2017-09-21,000020,0
2017-09-22,000020,0
2017-09-25,000020,1
2017-09-26,000020,1
2017-09-27,000020,1
2017-09-28,000020,1
2017-09-29,000020,1
2017-10-10,000020,1
2017-10-19,000020,0
2017-10-23,000020,0
2017-10-24,000020,0
2017-10-25,000020,0
2017-10-30,000020,1
2017-10-31,000020,1
2017-11-01,000020,1
2017-11-02,000020,1
2017-11-03,000020,1
2017-11-06,000020,1
2017-11-07,000020,1
2017-11-08,000020,1
2017-11-09,000020,1
2017-11-10,000020,1
2017-11-13,000020,1
2017-11-17,000020,0
2017-11-20,000020,0
2017-11-21,000020,0
2017-11-22,000020,0
2017-11-23,000020,0
2017-11-24,000020,0
2017-11-27,000020,0
2017-11-28,000020,0
2017-11-29,000020,0
2017-11-30,000020,0
2017-12-01,000020,0
2017-12-04,000020,0
2017-12-05,000020,0
2017-12-06,000020,0
2017-12-11,000020,0
2017-12-12,000020,0
2017-12-13,000020,0
2017-12-14,000020,0
2017-12-15,000020,0
2017-12-18,000020,0
2017-12-21,000020,1
2017-12-22,000020,1
2017-12-26,000020,1
2017-12-27,000020,1
2018-01-02,000020,0
2018-01-03,000020,0
2018-01-04,000020,1
2018-01-08,000020,1
2018-01-11,000020,0
2018-01-16,000020,1
2018-01-17,000020,1
2018-01-25,000020,0
2018-01-26,000020,0
2018-01-29,000020,0
2018-01-30,000020,0
2018-01-31,000020,0
2018-02-01,000020,0
2018-02-02,000020,0
2018-02-05,000020,1
2018-02-06,000020,1
2018-02-07,000020,1
2018-02-09,000020,1
2018-02-12,000020,1
2018-02-13,000020,1
2018-02-14,000020,1
2018-02-19,000020,1
2018-02-21,000020,0
2018-02-22,000020,0
2018-02-23,000020,0
2018-02-26,000020,0
2018-02-27,000020,0
2018-03-05,000020,1
2018-03-06,000020,1
2018-03-07,000020,1
2018-03-08,000020,1
2018-03-09,000020,1
2018-03-12,000020,0
2018-03-15,000020,0
2018-03-16,000020,0
2018-03-19,000020,0
2018-03-20,000020,0
2018-03-21,000020,0
2018-03-22,000020,0
2018-03-23,000020,1
2018-03-27,000020,1
2018-03-28,000020,1
2018-03-30,000020,0
2018-04-02,000020,1
2018-04-03,000020,1
2018-04-04,000020,1
2018-04-06,000020,1
2018-04-10,000020,0
2018-04-11,000020,0
2018-04-12,000020,0
2018-04-13,000020,0
2018-04-16,000020,0
2018-04-17,000020,0
2018-04-18,000020,0
2018-04-19,000020,0
2018-04-20,000020,0
2018-04-23,000020,0
2018-04-24,000020,0
2018-04-25,000020,0
2018-04-26,000020,0
2018-04-27,000020,0
2018-04-30,000020,0
2018-05-02,000020,0
2018-05-03,000020,0
2018-05-04,000020,0
2018-05-10,000020,1
2018-05-11,000020,1
2018-05-14,000020,1
2018-05-17,000020,0
2018-05-21,000020,0
2018-06-01,000020,0
2018-06-04,000020,0
2018-06-08,000020,0
2018-06-11,000020,0
2018-06-12,000020,0
2018-06-14,000020,0
2018-06-15,000020,0
2018-06-18,000020,0
2018-06-20,000020,0
2018-06-21,000020,0
2018-06-22,000020,0
2018-06-25,000020,0
2018-06-26,000020,0
2018-06-27,000020,0
2018-07-02,000020,1
2018-07-03,000020,1
2018-07-06,000020,1
2018-07-10,000020,1
2018-07-11,000020,1
2018-07-12,000020,0
2018-07-13,000020,0
2018-07-16,000020,0
2018-07-17,000020,0
2018-07-18,000020,0
2018-07-19,000020,0
2018-07-23,000020,1
2018-07-25,000020,1
2018-07-26,000020,1
2018-07-27,000020,1
2018-07-30,000020,1
2018-07-31,000020,1
2018-08-03,000020,0
2018-08-06,000020,0
2018-08-07,000020,0
2018-08-08,000020,0
2018-08-09,000020,0
2018-08-10,000020,0
2018-08-16,000020,1
2018-08-17,000020,1
2018-08-23,000020,0
2018-08-28,000020,0
2018-08-29,000020,0
2018-08-30,000020,0
2018-08-31,000020,0
2018-09-03,000020,0
2018-09-07,000020,0
2018-09-10,000020,0
2018-09-11,000020,0
2018-09-12,000020,0
2018-09-13,000020,0
2018-09-14,000020,0
2018-09-20,000020,0
2018-09-21,000020,0
2018-09-27,000020,0
2018-09-28,000020,0
2018-10-01,000020,0
2018-10-02,000020,0
2018-10-04,000020,0
2018-10-05,000020,0
2018-10-08,000020,0
2018-10-10,000020,0
2018-10-11,000020,1
2018-10-16,000020,0
2018-10-17,000020,0
2018-10-18,000020,0
2018-10-19,000020,0
2018-10-22,000020,0
2018-10-23,000020,0
2018-10-25,000020,1
2018-10-26,000020,1
2018-10-29,000020,1
2018-10-30,000020,1
2018-10-31,000020,1
2018-11-01,000020,1
2018-11-02,000020,1
2018-11-05,000020,0
2018-11-06,000020,0
2018-11-07,000020,0
2018-11-08,000020,0
2018-11-09,000020,0
2018-11-14,000020,0
2018-11-16,000020,0
2018-11-19,000020,0
2018-11-20,000020,0
2018-11-21,000020,0
2018-11-22,000020,0
2018-11-23,000020,0
2018-11-26,000020,0
2018-11-27,000020,0
2018-11-30,000020,1
2018-12-04,000020,0
2018-12-07,000020,0
2018-12-10,000020,0
2018-12-12,000020,0
2018-12-13,000020,0
2018-12-14,000020,0
2018-12-17,000020,0
2018-12-18,000020,0
2018-12-19,000020,0
2018-12-26,000020,1
2018-12-27,000020,1
2018-12-28,000020,1
2019-01-04,000020,0
2019-01-07,000020,0
2019-01-08,000020,0
2019-01-15,000020,1
2019-01-22,000020,0
2019-01-23,000020,0
2019-01-24,000020,0
2019-01-25,000020,0
2019-02-07,000020,0
2019-02-08,000020,0
2019-02-11,000020,0
2019-02-12,000020,0
2019-02-13,000020,0
2019-02-14,000020,0
2019-02-15,000020,0
2019-02-18,000020,0
2019-02-19,000020,0
2019-02-21,000020,0
2019-02-25,000020,1
2019-03-04,000020,0
2019-03-05,000020,0
2019-03-06,000020,0
2019-03-13,000020,0
2019-03-14,000020,0
2019-03-15,000020,0
2019-03-18,000020,0
2019-03-19,000020,0
2019-03-20,000020,0
2019-03-21,000020,0
2019-03-22,000020,0
2019-03-25,000020,0
2019-03-26,000020,0
2019-03-28,000020,1
2019-04-03,000020,0
2019-04-04,000020,0
2019-04-22,000020,0
2019-04-23,000020,0
2019-04-24,000020,0
2019-04-26,000020,0
2019-04-29,000020,0
2019-05-02,000020,0
2019-05-03,000020,0
2019-05-07,000020,0
2019-05-08,000020,0
2019-05-09,000020,0
2019-05-10,000020,0
2019-05-13,000020,0
2019-05-14,000020,0
2019-05-15,000020,0
2019-05-20,000020,0
2019-05-21,000020,0
2019-05-22,000020,0
2019-05-23,000020,0
2019-05-24,000020,0
2019-05-27,000020,0
2019-05-30,000020,0
2019-06-07,000020,1
2019-06-10,000020,1
2019-06-18,000020,0
2019-06-19,000020,0
2019-06-20,000020,0
2019-06-21,000020,0
2019-06-24,000020,0
2019-06-25,000020,0
2019-06-26,000020,0
2019-06-27,000020,0
2019-06-28,000020,0
2019-07-01,000020,0
2019-07-02,000020,0
2019-07-03,000020,0
2019-07-04,000020,0
2019-07-05,000020,0
2019-07-08,000020,1
2019-07-09,000020,1
2019-07-15,000020,0
2019-07-16,000020,0
2019-07-17,000020,0
2019-07-18,000020,0
2019-07-19,000020,0
2019-07-22,000020,0
2019-07-23,000020,0
2019-07-24,000020,0
2019-07-25,000020,0
2019-07-26,000020,0
2019-07-29,000020,0
2019-07-30,000020,0
2019-07-31,000020,0
2019-08-05,000020,1
2019-08-06,000020,1
2019-08-07,000020,1
2019-08-09,000020,0
2019-08-12,000020,0
2019-08-13,000020,0
2019-08-14,000020,0
2019-08-16,000020,0
2019-08-20,000020,0
2019-08-21,000020,0
2019-08-22,000020,0
2019-08-23,000020,0
2019-08-26,000020,0
2019-08-27,000020,0
2019-08-28,000020,0
2019-08-29,000020,0
2019-08-30,000020,0
2019-09-02,000020,0
2019-09-04,000020,0
2019-09-17,000020,0
2019-09-18,000020,0
2019-09-19,000020,0
2019-09-20,000020,0
2019-09-23,000020,0
2019-09-24,000020,0
2019-09-25,000020,0
2019-09-26,000020,0
2019-09-27,000020,0
2019-09-30,000020,0
2019-10-01,000020,0
2019-10-11,000020,0
2019-10-14,000020,0
2019-10-16,000020,0
2019-10-21,000020,1
2019-10-23,000020,0
2019-10-24,000020,0
2019-10-25,000020,0
2019-10-28,000020,0
2019-10-30,000020,1
2019-10-31,000020,1
2019-11-01,000020,1
2019-11-04,000020,1
2019-11-06,000020,0
2019-11-08,000020,0
2019-11-11,000020,0
2019-11-14,000020,0
2019-11-15,000020,0
2019-11-18,000020,0
2019-11-19,000020,0
2019-11-20,000020,0
2019-11-21,000020,0
2019-11-25,000020,0
2019-11-26,000020,0
2019-11-27,000020,0
2019-11-28,000020,0
2019-11-29,000020,0
2019-12-02,000020,0
2019-12-03,000020,0
2019-12-04,000020,0
2019-12-09,000020,1
2019-12-10,000020,1
2019-12-11,000020,1
2019-12-12,000020,1
2019-12-17,000020,0
2019-12-18,000020,0
2019-12-30,000020,0
2020-01-02,000020,0
2020-01-03,000020,0
2020-01-07,000020,0
2020-01-14,000020,0
2020-01-17,000020,1
2020-01-20,000020,0
2020-01-21,000020,0
2020-01-22,000020,0
2020-01-23,000020,0
2020-01-28,000020,0
2020-01-29,000020,0
2020-01-30,000020,0
2020-01-31,000020,0
2020-02-05,000020,0
2020-02-06,000020,0
2020-02-07,000020,0
2020-02-10,000020,0
2020-02-11,000020,0
2020-02-12,000020,0
2020-02-13,000020,0
2020-02-14,000020,0
2020-02-17,000020,0
2020-02-18,000020,0
2020-02-19,000020,0
2020-02-20,000020,0
2020-02-21,000020,0
2020-02-25,000020,0
2020-02-28,000020,1
2020-03-03,000020,0
2020-03-04,000020,0
2020-03-05,000020,0
2020-03-06,000020,0
2020-03-09,000020,0
2020-03-10,000020,0
2020-03-11,000020,0
2020-03-12,000020,0
2020-03-13,000020,0
2020-03-16,000020,0
2020-03-17,000020,0
2020-03-19,000020,1
2020-03-20,000020,1
2020-03-23,000020,1
2020-03-24,000020,1
2020-03-25,000020,1
2020-03-26,000020,1
2020-03-27,000020,1
2020-03-30,000020,1
2020-03-31,000020,1
2020-04-01,000020,1
2020-04-02,000020,1
2020-04-03,000020,1
2020-04-06,000020,1
2020-04-08,000020,0
2020-04-10,000020,1
2020-04-13,000020,1
2020-04-14,000020,1
2020-04-16,000020,1
2020-04-17,000020,1
2020-04-20,000020,1
2020-04-21,000020,1
2020-04-22,000020,1
2020-04-23,000020,0
2020-04-24,000020,1
2020-04-27,000020,0
2020-04-28,000020,0
2020-04-29,000020,0
2020-05-06,000020,0
2020-05-12,000020,0
2020-05-13,000020,0
2020-05-14,000020,0
2020-05-15,000020,0
2020-05-18,000020,0
2020-05-20,000020,1
2020-05-21,000020,1
2020-05-22,000020,1
2020-05-25,000020,1
2020-05-26,000020,1
2020-05-28,000020,1
2020-05-29,000020,1
2020-06-01,000020,1
2020-06-02,000020,1
2020-06-03,000020,1
2020-06-04,000020,1
2020-06-05,000020,1
2020-06-08,000020,0
2020-06-09,000020,0
2020-06-10,000020,0
2020-06-11,000020,1
2020-06-15,000020,1
2020-06-16,000020,1
2020-06-17,000020,1
2020-06-18,000020,1
2020-06-19,000020,1
2020-06-22,000020,1
2020-06-23,000020,0
2020-06-24,000020,0
2020-06-25,000020,0
2020-06-26,000020,0
2020-06-29,000020,0
2020-06-30,000020,0
2020-07-02,000020,1
2020-07-03,000020,1
2020-07-06,000020,1
2020-07-07,000020,1
2020-07-09,000020,0
2020-07-10,000020,0
2020-07-14,000020,0
2020-07-15,000020,1
2020-07-16,000020,1
2020-07-17,000020,1
2020-07-20,000020,1
2020-07-21,000020,1
2020-07-22,000020,1
2020-07-23,000020,0
2020-07-24,000020,1
2020-07-27,000020,1
2020-07-28,000020,1
2020-07-29,000020,1
2020-07-30,000020,1
2020-07-31,000020,1
2020-08-03,000020,1
2020-08-04,000020,0
2020-08-05,000020,0
2020-08-06,000020,0
2020-08-07,000020,0
2020-08-10,000020,0
2020-08-11,000020,0
2020-08-12,000020,0
2020-08-13,000020,0
2020-08-14,000020,1
2020-08-18,000020,1
2020-08-21,000020,1
2020-08-26,000020,1
2020-08-27,000020,1
2020-08-28,000020,1
2020-08-31,000020,1
2020-09-02,000020,0
2020-09-04,000020,1
2020-09-08,000020,1
2020-09-10,000020,0
2020-09-11,000020,0
2020-09-14,000020,0
2020-09-15,000020,0
2020-09-16,000020,0
2020-09-17,000020,0
2020-09-18,000020,0
2020-09-21,000020,0
2020-09-22,000020,0
2020-09-23,000020,1
2020-09-24,000020,1
2020-09-25,000020,1
2020-09-28,000020,1
2020-09-29,000020,1
2020-10-07,000020,0
2020-10-08,000020,0
2020-10-12,000020,0
2020-10-13,000020,0
2020-10-14,000020,0
2020-10-15,000020,0
2020-10-16,000020,0
2020-10-19,000020,0
2020-10-20,000020,0
2020-10-21,000020,0
2020-10-22,000020,0
2020-10-23,000020,0
2020-10-26,000020,1
2020-10-27,000020,1
2020-10-28,000020,0
2020-10-29,000020,0
2020-11-02,000020,1
2020-11-03,000020,0
2020-11-04,000020,0
2020-11-05,000020,0
2020-11-09,000020,0
2020-11-10,000020,0
2020-11-13,000020,1
2020-11-16,000020,0
2020-11-17,000020,1
2020-11-18,000020,1
2020-11-19,000020,1
2020-11-24,000020,0
2020-11-25,000020,0
2020-11-26,000020,0
2020-11-27,000020,0
2020-11-30,000020,0
2020-12-01,000020,0
2020-12-02,000020,0
2020-12-03,000020,0
2020-12-04,000020,0
2020-12-08,000020,1
2020-12-09,000020,1
2020-12-10,000020,1
2020-12-11,000020,1
2020-12-14,000020,1
2020-12-15,000020,1
2020-12-16,000020,1
2020-12-17,000020,1
2020-12-18,000020,0
2020-12-21,000020,0
2020-12-22,000020,0
2020-12-23,000020,0
2020-12-24,000020,0
2020-12-28,000020,1
2020-12-30,000020,0
2021-01-04,000020,0
2021-01-05,000020,0
2021-01-06,000020,0
2021-01-07,000020,0
2021-01-08,000020,0
2021-01-11,000020,0
2021-01-12,000020,0
2021-01-13,000020,0
2021-01-14,000020,0
2021-01-15,000020,0
2021-01-18,000020,0
2021-01-20,000020,0
2021-01-21,000020,0
2021-01-22,000020,0
2021-01-25,000020,0
2021-01-26,000020,0
2021-01-27,000020,0
2021-01-28,000020,0
2021-02-01,000020,0
2021-02-02,000020,0
2021-02-03,000020,0
2021-02-15,000020,0
2021-02-16,000020,0
2021-02-17,000020,0
2021-02-18,000020,0
2021-02-19,000020,0
2021-02-22,000020,0
2021-02-23,000020,0
2021-02-25,000020,0
2021-02-26,000020,0
2021-03-03,000020,0
2021-03-08,000020,0
2021-03-09,000020,0
2021-03-10,000020,1
2021-03-11,000020,1
2021-03-12,000020,1
2021-03-16,000020,0
2021-03-17,000020,0
2021-03-18,000020,0
2021-03-19,000020,0
2021-03-22,000020,0
2021-03-23,000020,0
2021-03-24,000020,0
2021-03-25,000020,0
2021-03-30,000020,0
2021-04-01,000020,1
2021-04-02,000020,1
2021-04-05,000020,1
2021-04-06,000020,1
2021-04-07,000020,1
2021-04-08,000020,1
2021-04-12,000020,0
2021-04-14,000020,0
2021-04-15,000020,0
2021-04-19,000020,1
2021-04-20,000020,1
2021-04-22,000020,0
2021-04-23,000020,0
2021-04-26,000020,0
2021-04-27,000020,0
2021-04-28,000020,0
2021-04-29,000020,0
2021-05-06,000020,0
2021-05-07,000020,0
2021-05-10,000020,0
2021-05-11,000020,0
2021-05-12,000020,0
2021-05-14,000020,0
2021-05-17,000020,0
2021-05-18,000020,0
2021-05-20,000020,0
2021-05-21,000020,0
2021-06-07,000020,0
2021-06-08,000020,0
2021-06-09,000020,0
2021-06-10,000020,0
2021-06-11,000020,0
2021-06-14,000020,0
2021-06-15,000020,0
2021-06-17,000020,1
2021-06-18,000020,1
2021-06-21,000020,1
2021-06-22,000020,1
2021-06-23,000020,1
2021-07-01,000020,0
2021-07-02,000020,0
2021-07-05,000020,0
2021-07-06,000020,0
2021-07-07,000020,0
2021-07-08,000020,0
2021-07-09,000020,0
2021-07-15,000020,0
2021-07-16,000020,0
2021-07-19,000020,0
2021-07-20,000020,0
2021-07-21,000020,0
2021-07-22,000020,0
2021-07-27,000020,1
2021-07-28,000020,1
2021-08-02,000020,1
2021-08-03,000020,0
2021-08-04,000020,0
2021-08-09,000020,0
2021-08-11,000020,0
2021-08-12,000020,0
2021-08-13,000020,0
2021-08-17,000020,1
2021-08-24,000020,0
2021-08-25,000020,0
2021-08-30,000020,1
2021-08-31,000020,1
2021-09-02,000020,0
2021-09-06,000020,0
2021-09-07,000020,0
2021-09-08,000020,0
2021-09-09,000020,1
2021-09-10,000020,0
2021-09-13,000020,1
2021-09-14,000020,1
2021-09-15,000020,1
2021-09-16,000020,1
2021-09-17,000020,1
2021-09-24,000020,1
2021-09-27,000020,0
2021-09-28,000020,1
2021-09-29,000020,1
2021-09-30,000020,1
2021-10-01,000020,0
2021-10-05,000020,1
2021-10-06,000020,1
2021-10-07,000020,0
2021-10-08,000020,0
2021-10-12,000020,0
2021-10-13,000020,0
2021-10-14,000020,0
2021-10-15,000020,0
2021-10-18,000020,0
2021-10-19,000020,0
2021-10-20,000020,0
2021-10-22,000020,0
2021-10-25,000020,0
2021-10-26,000020,0
2021-10-27,000020,0
2021-10-28,000020,0
2021-10-29,000020,0
2021-11-01,000020,0
2021-11-02,000020,0
2021-11-03,000020,0
2021-11-04,000020,0
2021-11-05,000020,0
2021-11-08,000020,0
2021-11-10,000020,0
2021-11-12,000020,0
2021-11-15,000020,0
2021-11-16,000020,0
2021-11-17,000020,0
2021-11-18,000020,0
2021-11-22,000020,0
2021-11-23,000020,1
2021-11-24,000020,1
2021-11-25,000020,1
2021-11-26,000020,1
2021-11-30,000020,0
2021-12-01,000020,0
2021-12-02,000020,0
2021-12-03,000020,0
2021-12-08,000020,1
2021-12-09,000020,1
2021-12-10,000020,1
2021-12-14,000020,0
2021-12-15,000020,0
2021-12-16,000020,0
2021-12-17,000020,0
2021-12-22,000020,0
2021-12-23,000020,0
2021-12-29,000020,0
2022-01-03,000020,0
2022-01-04,000020,0
2022-01-05,000020,0
2022-01-06,000020,0
2022-01-07,000020,0
2022-01-10,000020,0
2022-01-11,000020,0
2022-01-12,000020,0
2022-01-13,000020,0
2022-01-14,000020,0
2022-01-17,000020,0
2022-01-18,000020,0
2022-01-19,000020,0
2022-01-20,000020,0
2022-01-21,000020,0
2022-01-24,000020,0
2022-01-25,000020,1
2022-01-26,000020,1
2022-01-27,000020,1
2022-01-28,000020,1
2022-02-03,000020,1
2022-02-04,000020,0
2022-02-07,000020,0
2022-02-08,000020,0
2022-02-09,000020,0
2022-02-10,000020,0
2022-02-14,000020,1
2022-02-15,000020,1
2022-02-17,000020,0
2022-02-21,000020,0
2022-02-24,000020,1
2022-03-03,000020,0
2022-03-04,000020,0
2022-03-07,000020,0
2022-03-10,000020,1
2022-03-11,000020,1
2022-03-14,000020,1
2022-03-15,000020,1
2022-03-18,000020,0
2022-03-21,000020,0
2022-03-25,000020,0
2022-03-28,000020,0
2022-03-29,000020,0
2022-03-30,000020,0
2022-03-31,000020,0
2022-04-01,000020,0
2022-04-04,000020,0
2022-04-05,000020,0
2022-04-06,000020,0
2022-04-14,000020,0
2022-04-15,000020,0
2022-04-18,000020,0
2022-04-19,000020,0
2022-04-20,000020,0
2022-04-21,000020,0
2022-04-22,000020,0
2022-04-28,000020,0
2022-04-29,000020,0
2022-05-02,000020,0
2022-05-03,000020,0
2022-05-04,000020,0
2022-05-06,000020,0
2022-05-17,000020,0
2022-05-18,000020,0
2022-05-19,000020,0
2022-05-23,000020,0
2022-05-27,000020,0
2022-05-30,000020,0
2022-05-31,000020,0
2022-06-02,000020,0
2022-06-03,000020,0
2022-06-07,000020,0
2022-06-08,000020,0
2022-06-09,000020,0
2022-06-10,000020,0
2022-06-13,000020,0
2022-06-14,000020,0
2022-06-15,000020,0
2022-06-16,000020,0
2022-06-17,000020,0
2022-06-23,000020,1
2022-06-27,000020,0
2022-06-29,000020,1
2022-06-30,000020,1
2022-07-01,000020,1
2022-07-04,000020,1
2022-07-05,000020,1
2022-07-06,000020,1
2022-07-07,000020,1
2022-07-08,000020,1
2022-07-15,000020,0
2022-07-18,000020,0
2022-07-19,000020,0
2022-07-20,000020,0
2022-07-21,000020,0
2022-07-22,000020,0
2022-07-25,000020,0
2022-07-26,000020,0
2022-07-27,000020,0
2022-07-28,000020,0
2022-08-02,000020,1
2022-08-03,000020,0
2022-08-05,000020,0
2022-08-08,000020,0
2022-08-09,000020,0
2022-08-10,000020,0
2022-08-11,000020,0
2022-08-12,000020,0
2022-08-16,000020,0
2022-08-17,000020,0
2022-08-18,000020,0
2022-08-19,000020,0
2022-08-22,000020,0
2022-08-23,000020,0
2022-08-25,000020,0
2022-08-26,000020,0
2022-08-29,000020,0
2022-08-30,000020,0
2022-08-31,000020,0
2022-09-01,000020,0
2022-09-02,000020,0
2022-09-05,000020,0
2022-09-06,000020,0
2022-09-07,000020,0
2022-09-08,000020,0
2022-09-13,000020,0
2022-09-14,000020,0
2022-09-15,000020,0
2022-09-16,000020,0
2022-09-19,000020,0
2022-09-20,000020,0
2022-09-21,000020,0
2022-09-22,000020,0
2022-09-23,000020,0
2022-09-26,000020,1
2022-09-27,000020,1
2022-09-28,000020,1
2022-09-29,000020,1
2022-09-30,000020,1
2022-10-04,000020,0
2022-10-05,000020,0
2022-10-06,000020,0
2022-10-11,000020,1
2022-10-13,000020,1
2022-10-17,000020,0
2022-10-25,000020,0
2022-10-26,000020,0
2022-10-27,000020,0
2022-10-28,000020,0
2022-11-08,000020,1
2022-11-14,000020,0
2022-11-15,000020,0
2022-11-16,000020,0
2022-11-17,000020,0
2022-11-18,000020,0
2022-11-21,000020,0
2022-11-22,000020,0
2022-11-28,000020,1
2022-11-29,000020,1
2022-12-01,000020,0
2022-12-02,000020,0
2022-12-06,000020,1
2022-12-07,000020,1
2022-12-08,000020,1
2022-12-09,000020,1
2022-12-13,000020,0
2022-12-14,000020,0
2022-12-15,000020,0
2022-12-16,000020,0
2022-12-21,000020,0
